language,script,videoEmbedSource,videoEmbedCode,videoCaption,bibleLink,bibleText,fullFilmLink,fullFilmText,questionsLink,questionsText,optionalLink,optionalText,country,readingLanguage
"Armenian, Western","Հայկական, արեւմտյան",https://arc.gt/05hf0,"<div class=""arc-cont""><iframe src=""https://api.arclight.org/videoPlayerUrl?refId=1_20550-jf6112-0-0&parentSessionId=629bab9ae225d7.71327267&apiSessionId=629bab9d4ca5c4.49862735&playerStyle=vanilla&player=bc.vanilla6"" allowfullscreen webkitallowfullscreen mozallowfullscreen></iframe><style>.arc-cont{position:relative;display:block;margin:10px auto;width:100%}.arc-cont:after{padding-top:59%;display:block;content:""""}.arc-cont>iframe{position:absolute;top:0;bottom:0;right:0;left:0;width:98%;height:98%;border:0}</style></div>",Դիտեք այս 3-րոպեանոց տեսահոլովակը <<Հիսուս>> ֆիլմից։,https://www.bible.com/bible/194/luk.6.27-49.WA2017,Կարդացեք այս պատմությունը Աստվածաշնչում։,https://www.jesusfilm.org/watch/jesus.html/armenian-western.html,Դիտեք «ՀԻՍՈՒՍ» ֆիլմն ամբողջությամբ։,https://www.1patasxan.com/,Գտի՛ր կյանքի հիմնական հարցերի պատասխանը:,,,Armenia,Armenian
"Balochi, Western",,https://arc.gt/4uq75,"<div class=""arc-cont""><iframe src=""https://api.arclight.org/videoPlayerUrl?refId=1_353-jf6112-0-0&parentSessionId=629baba7c94310.76984227&apiSessionId=629babaa074153.02040621&playerStyle=vanilla&player=bc.vanilla6"" allowfullscreen webkitallowfullscreen mozallowfullscreen></iframe><style>.arc-cont{position:relative;display:block;margin:10px auto;width:100%}.arc-cont:after{padding-top:59%;display:block;content:""""}.arc-cont>iframe{position:absolute;top:0;bottom:0;right:0;left:0;width:98%;height:98%;border:0}</style></div>",یِسُوع کی فلم سے یہ  چھوٹا  کلپ دیکھیں,https://www.bible.com/bible/187/LUK.6.27-49.UGV,بائبل میں اس کہانی کو  پڑھیں,https://www.jesusfilm.org/watch/jesus.html/balochi-western.html,"پر پوری ""یِسُوع"" فلم دیکھیں",https://www.zindagikaysawalat.com/,زندگی کے بارے میں عام سوالات کے جوابات تلاش کریں ۔,,,Afghanistan,Urdu
Chatgaya Chittagonian Common,,https://arc.gt/maklj,"<div class=""arc-cont""><iframe src=""https://api.arclight.org/videoPlayerUrl?refId=1_139131-jf6112-0-0&parentSessionId=629babb474a384.48606487&apiSessionId=629babb73dcf21.10482790&playerStyle=vanilla&player=bc.vanilla6"" allowfullscreen webkitallowfullscreen mozallowfullscreen></iframe><style>.arc-cont{position:relative;display:block;margin:10px auto;width:100%}.arc-cont:after{padding-top:59%;display:block;content:""""}.arc-cont>iframe{position:absolute;top:0;bottom:0;right:0;left:0;width:98%;height:98%;border:0}</style></div>",Discover the power of Jesus' words (3-min).,https://www.bible.com/bible/2412/LUK.6.27-49.BCV,Read the above story in the Bible,https://www.jesusfilm.org/watch/jesus.html/chatgaya-chittagonian-common.html,Watch the complete JESUS film from the beginning,https://www.everybengalistudent.com/,Answers to common Questions,,,Bangladesh,Bengali
Chatgaya Chittagonian Muslim,চাটগাঁইয়া বুলি,https://arc.gt/d15dp,"<div class=""arc-cont""><iframe src=""https://api.arclight.org/videoPlayerUrl?refId=1_21674-jf6112-0-0&parentSessionId=629babc14ac923.12304819&apiSessionId=629babc3d10277.09955926&playerStyle=vanilla&player=bc.vanilla6"" allowfullscreen webkitallowfullscreen mozallowfullscreen></iframe><style>.arc-cont{position:relative;display:block;margin:10px auto;width:100%}.arc-cont:after{padding-top:59%;display:block;content:""""}.arc-cont>iframe{position:absolute;top:0;bottom:0;right:0;left:0;width:98%;height:98%;border:0}</style></div>",Discover the power of Jesus' words (3-min).,https://www.bible.com/bible/2412/LUK.6.27-49.BCV,Read the above story in the Bible,https://www.jesusfilm.org/watch/jesus.html/chatgaya-chittagonian-muslim.html,Watch the complete JESUS film from the beginning,https://www.everybengalistudent.com/,Answers to common Questions,,,Bangladesh,Bengali
"Chin, Khumi",,https://arc.gt/y8lzu,"<div class=""arc-cont""><iframe src=""https://api.arclight.org/videoPlayerUrl?refId=1_1252-jf6112-0-0&parentSessionId=629babccad8429.89565197&apiSessionId=629babcf493090.40267005&playerStyle=vanilla&player=bc.vanilla6"" allowfullscreen webkitallowfullscreen mozallowfullscreen></iframe><style>.arc-cont{position:relative;display:block;margin:10px auto;width:100%}.arc-cont:after{padding-top:59%;display:block;content:""""}.arc-cont>iframe{position:absolute;top:0;bottom:0;right:0;left:0;width:98%;height:98%;border:0}</style></div>",Discover the power of Jesus' words (3-min).,https://www.bible.com/bible/2079/LUK.6.27-49.EASY,Read the above story in the Easy English Bible,https://www.jesusfilm.org/watch/jesus.html/chin-khumi.html,Watch the complete JESUS film from the beginning,https://www.everyperson.com/,Answers to common Questions,,,Myanmar,English
"Chin, Paite",,"<div class=""arc-cont""><iframe src=""https://api.arclight.org/videoPlayerUrl?refId=1_5961-jf6112-0-0&parentSessionId=628be6e59f3923.39692973&apiSessionId=628be6e6c1cf94.88601230&playerStyle=vanilla&player=bc.vanilla6"" allowfullscreen webkitallowfullscreen mozallowfullscreen></iframe><style>.arc-cont{position:relative;display:block;margin:10px auto;width:100%}.arc-cont:after{padding-top:59%;display:block;content:""""}.arc-cont>iframe{position:absolute;top:0;bottom:0;right:0;left:0;width:98%;height:98%;border:0}</style></div>","<div class=""arc-cont""><iframe src=""https://api.arclight.org/videoPlayerUrl?refId=1_5961-jf6112-0-0&parentSessionId=628be6e59f3923.39692973&apiSessionId=628be6e6c1cf94.88601230&playerStyle=vanilla&player=bc.vanilla6"" allowfullscreen webkitallowfullscreen mozallowfullscreen></iframe><style>.arc-cont{position:relative;display:block;margin:10px auto;width:100%}.arc-cont:after{padding-top:59%;display:block;content:""""}.arc-cont>iframe{position:absolute;top:0;bottom:0;right:0;left:0;width:98%;height:98%;border:0}</style></div>",Discover the power of Jesus' words (3-min).,https://www.bible.com/bible/2079/LUK.6.27-49.EASY,Read the above story in the Easy English Bible,https://arc.gt/a7m8c,Watch the complete JESUS film from the beginning,https://www.everyperson.com/,Answers to common Questions,,,India,English
Chittagonian,চাটগাঁইয়া,https://www.jesusfilm.org/watch/jesus.html/sermon-on-the-mount/chatgaya-chittagonian-common.html,"<div class=""arc-cont""><iframe src=""https://api.arclight.org/videoPlayerUrl?refId=1_139131-jf6112-0-0&parentSessionId=629bd418c85d04.82655428&apiSessionId=629bd41c68aee7.84635487&playerStyle=vanilla&player=bc.vanilla6"" allowfullscreen webkitallowfullscreen mozallowfullscreen></iframe><style>.arc-cont{position:relative;display:block;margin:10px auto;width:100%}.arc-cont:after{padding-top:59%;display:block;content:""""}.arc-cont>iframe{position:absolute;top:0;bottom:0;right:0;left:0;width:98%;height:98%;border:0}</style></div>",Discover the power of Jesus' words (3-min).,https://www.bible.com/bible/2412/LUK.6.27-49.BCV,Read the above story in the Bible,https://www.jesusfilm.org/watch/jesus.html/chatgaya-chittagonian-common.html,Watch the complete JESUS film from the beginning,https://www.everystudent.in/,Answers to common Questions,,,India,English
"Chittagonian, Musselmani",চাটগাঁইয়া বুলি,https://www.jesusfilm.org/watch/jesus.html/sermon-on-the-mount/chatgaya-chittagonian-muslim.html,"<div class=""arc-cont""><iframe src=""https://api.arclight.org/videoPlayerUrl?refId=1_21674-jf6112-0-0&parentSessionId=629bd42cbd8fa8.11302080&apiSessionId=629bd42fb7fc54.07916780&playerStyle=vanilla&player=bc.vanilla6"" allowfullscreen webkitallowfullscreen mozallowfullscreen></iframe><style>.arc-cont{position:relative;display:block;margin:10px auto;width:100%}.arc-cont:after{padding-top:59%;display:block;content:""""}.arc-cont>iframe{position:absolute;top:0;bottom:0;right:0;left:0;width:98%;height:98%;border:0}</style></div>",Discover the power of Jesus' words (3-min).,https://www.bible.com/bible/2412/LUK.6.27-49.BCV,Read the above story in the Bible,https://www.jesusfilm.org/watch/jesus.html/chatgaya-chittagonian-muslim.html,Watch the complete JESUS film from the beginning,https://www.everybengalistudent.com/,Answers to common Questions,,,Bangladesh,Bengali
"Dinka, Rek",,https://www.jesusfilm.org/watch/jesus.html/sermon-on-the-mount/dinka-rek.html,"<div class=""arc-cont""><iframe src=""https://api.arclight.org/videoPlayerUrl?refId=1_24273-jf6112-0-0&parentSessionId=629bd44103c058.84983319&apiSessionId=629bd444971a90.19073269&playerStyle=vanilla&player=bc.vanilla6"" allowfullscreen webkitallowfullscreen mozallowfullscreen></iframe><style>.arc-cont{position:relative;display:block;margin:10px auto;width:100%}.arc-cont:after{padding-top:59%;display:block;content:""""}.arc-cont>iframe{position:absolute;top:0;bottom:0;right:0;left:0;width:98%;height:98%;border:0}</style></div>",Discover the power of Jesus' words (3-min).,https://www.bible.com/bible/242/LUK.6.27-49.DIK,Read the above story in the Bible,https://www.jesusfilm.org/watch/jesus.html/dinka-rek.html,Watch the complete JESUS film from the beginning,https://www.everyperson.com/,Answers to common Questions,,,Sudan,English
"Dogon, Jamsay",,https://www.jesusfilm.org/watch/jesus.html/sermon-on-the-mount/dogon-jamsay.html,"<div class=""arc-cont""><iframe src=""https://api.arclight.org/videoPlayerUrl?refId=1_140535-jf6112-0-0&parentSessionId=629bd4625aa829.90304197&apiSessionId=629bd465dba800.85212619&playerStyle=vanilla&player=bc.vanilla6"" allowfullscreen webkitallowfullscreen mozallowfullscreen></iframe><style>.arc-cont{position:relative;display:block;margin:10px auto;width:100%}.arc-cont:after{padding-top:59%;display:block;content:""""}.arc-cont>iframe{position:absolute;top:0;bottom:0;right:0;left:0;width:98%;height:98%;border:0}</style></div>",Discover the power of Jesus' words (3-min).,https://www.bible.com/bible/2367/LUK.6.27-49.NFC,Read the above story in the Bible,https://www.jesusfilm.org/watch/jesus.html/dogon-jamsay.html,Watch the complete JESUS film from the beginning,https://www.questions2vie.com/,Answers to common Questions,,,Mali,French taught in schools
"Dogon, Tommo So",,https://www.jesusfilm.org/watch/jesus.html/sermon-on-the-mount/dogon-tommo-so.html,"<div class=""arc-cont""><iframe src=""https://api.arclight.org/videoPlayerUrl?refId=1_140443-jf6112-0-0&parentSessionId=629bd4760acc63.40880468&apiSessionId=629bd4794678b4.60400045&playerStyle=vanilla&player=bc.vanilla6"" allowfullscreen webkitallowfullscreen mozallowfullscreen></iframe><style>.arc-cont{position:relative;display:block;margin:10px auto;width:100%}.arc-cont:after{padding-top:59%;display:block;content:""""}.arc-cont>iframe{position:absolute;top:0;bottom:0;right:0;left:0;width:98%;height:98%;border:0}</style></div>",Discover the power of Jesus' words (3-min).,https://www.bible.com/bible/2367/LUK.6.27-49.NFC,Read the above story in the Bible,https://www.jesusfilm.org/watch/jesus.html/dogon-tommo-so.html,Watch the complete JESUS film from the beginning,https://www.questions2vie.com/,Answers to common Questions,,,Mali,French taught in schools
"Dogon, Tomo Kan",,https://www.jesusfilm.org/watch/jesus.html/sermon-on-the-mount/dogon-tomo-kan.html,"<div class=""arc-cont""><iframe src=""https://api.arclight.org/videoPlayerUrl?refId=1_26248-jf6112-0-0&parentSessionId=629bd4890532f1.52334772&apiSessionId=629bd48bda3420.89608172&playerStyle=vanilla&player=bc.vanilla6"" allowfullscreen webkitallowfullscreen mozallowfullscreen></iframe><style>.arc-cont{position:relative;display:block;margin:10px auto;width:100%}.arc-cont:after{padding-top:59%;display:block;content:""""}.arc-cont>iframe{position:absolute;top:0;bottom:0;right:0;left:0;width:98%;height:98%;border:0}</style></div>",Discover the power of Jesus' words (3-min).,https://www.bible.com/bible/2367/LUK.6.27-49.NFC,Read the above story in the Bible,https://www.jesusfilm.org/watch/jesus.html/dogon-tomo-kan.html,Watch the complete JESUS film from the beginning,https://www.questions2vie.com/,Answers to common Questions,,,Mali,French taught in schools
"Gaelic, Irish",,https://www.jesusfilm.org/watch/jesus.html/sermon-on-the-mount/gaelic-irish.html,"<div class=""arc-cont""><iframe src=""https://api.arclight.org/videoPlayerUrl?refId=1_6884-jf6112-0-0&parentSessionId=629b821d2204e1.95825571&apiSessionId=629bd4f4bbca45.38113275&playerStyle=vanilla&player=bc.vanilla6"" allowfullscreen webkitallowfullscreen mozallowfullscreen></iframe><style>.arc-cont{position:relative;display:block;margin:10px auto;width:100%}.arc-cont:after{padding-top:59%;display:block;content:""""}.arc-cont>iframe{position:absolute;top:0;bottom:0;right:0;left:0;width:98%;height:98%;border:0}</style></div>",Discover the power of Jesus' words (3-min).,https://www.bible.com/bible/3110/LUK.6.27-49.ABN2012,Read the above story in the Bible,https://www.jesusfilm.org/watch/jesus.html/gaelic-irish.html,Watch the complete JESUS film from the beginning,https://www.everyperson.com/,Answers to common Questions,,,Ireland,English
"Gondi, Aheri",,https://www.jesusfilm.org/watch/jesus.html/sermon-on-the-mount/gondi-aheri.html,"<div class=""arc-cont""><iframe src=""https://api.arclight.org/videoPlayerUrl?refId=1_147829-jf6112-0-0&parentSessionId=629bd50d6b2b20.57916095&apiSessionId=629bd51feb10e6.87397811&playerStyle=vanilla&player=bc.vanilla6"" allowfullscreen webkitallowfullscreen mozallowfullscreen></iframe><style>.arc-cont{position:relative;display:block;margin:10px auto;width:100%}.arc-cont:after{padding-top:59%;display:block;content:""""}.arc-cont>iframe{position:absolute;top:0;bottom:0;right:0;left:0;width:98%;height:98%;border:0}</style></div>",Discover the power of Jesus' words (3-min).,https://www.bible.com/bible/2628/MRK.1.ESG,Read the Bible in Gondi,https://www.jesusfilm.org/watch/jesus.html/gondi-aheri.html,Watch the complete JESUS film from the beginning,https://www.everystudent.in/,Answers to common Questions,,,India,English
"Gurage, West",,https://www.jesusfilm.org/watch/jesus.html/sermon-on-the-mount/gurage-west.html,"<div class=""arc-cont""><iframe src=""https://api.arclight.org/videoPlayerUrl?refId=1_4676-jf6112-0-0&parentSessionId=629bd5342fc089.97954619&apiSessionId=629bd537c4d782.06574147&playerStyle=vanilla&player=bc.vanilla6"" allowfullscreen webkitallowfullscreen mozallowfullscreen></iframe><style>.arc-cont{position:relative;display:block;margin:10px auto;width:100%}.arc-cont:after{padding-top:59%;display:block;content:""""}.arc-cont>iframe{position:absolute;top:0;bottom:0;right:0;left:0;width:98%;height:98%;border:0}</style></div>",Discover the power of Jesus' words (3-min).,https://www.bible.com/bible/1260/LUK.6.27-49.NASV,Read the above story in the Bible,https://www.jesusfilm.org/watch/jesus.html/gurage-west.html,Watch the complete JESUS film from the beginning,https://www.habeshastudent.com/,Answers to common Questions,,,Ethiopia,Amharic taught in schools
Indonesian (Isa),Bahasa Indonesia,https://www.jesusfilm.org/watch/jesus.html/sermon-on-the-mount/indonesian-isa.html,"<div class=""arc-cont""><iframe src=""https://api.arclight.org/videoPlayerUrl?refId=1_184566-jf6112-0-0&parentSessionId=629bd5636f05e9.21226517&apiSessionId=629bd5665404e1.20652754&playerStyle=vanilla&player=bc.vanilla6"" allowfullscreen webkitallowfullscreen mozallowfullscreen></iframe><style>.arc-cont{position:relative;display:block;margin:10px auto;width:100%}.arc-cont:after{padding-top:59%;display:block;content:""""}.arc-cont>iframe{position:absolute;top:0;bottom:0;right:0;left:0;width:98%;height:98%;border:0}</style></div>",Discover the power of Jesus' words (3-min).,https://www.bible.com/bible/199/LUK.6.27-49.AMD,Read the above story in the Bible,https://www.jesusfilm.org/watch/jesus.html/indonesian-isa.html,Watch the complete JESUS film from the beginning,https://www.mahasiswakeren.com/,Answers to common Questions,,,Indonesia,
Judeo-Tajik / Bucharian,"בוכארי, бухорӣ, buxorī",https://www.jesusfilm.org/watch/jesus.html/sermon-on-the-mount/bukharan.html,"<div class=""arc-cont""><iframe src=""https://api.arclight.org/videoPlayerUrl?refId=1_6934-jf6112-0-0&parentSessionId=629bd57ae45224.96948450&apiSessionId=629bd57e63f788.76142185&playerStyle=vanilla&player=bc.vanilla6"" allowfullscreen webkitallowfullscreen mozallowfullscreen></iframe><style>.arc-cont{position:relative;display:block;margin:10px auto;width:100%}.arc-cont:after{padding-top:59%;display:block;content:""""}.arc-cont>iframe{position:absolute;top:0;bottom:0;right:0;left:0;width:98%;height:98%;border:0}</style></div>","Отрывок из фильма ""Иисуса"" (3 мин)",https://www.bible.com/bible/1999/LUK.6.27-49.%D0%A1%D0%A0%D0%9F-2,Прочтите эту историю в Библии,http://youtu.be/AdW23Gtnl3w,"Посмотрите весь фильм ""ИИСУС"" на YouTube.",https://www.mirstudentov.com/,Найдите ответы на общие вопросы о жизни.,,,Uzbekistan,Russian?
Kayah Li,ကယား,https://www.jesusfilm.org/watch/jesus.html/sermon-on-the-mount/kayah-li-western.html,"<div class=""arc-cont""><iframe src=""https://api.arclight.org/videoPlayerUrl?refId=1_23549-jf6112-0-0&parentSessionId=629bd595516ee7.25208162&apiSessionId=629bd598a54fb0.07250080&playerStyle=vanilla&player=bc.vanilla6"" allowfullscreen webkitallowfullscreen mozallowfullscreen></iframe><style>.arc-cont{position:relative;display:block;margin:10px auto;width:100%}.arc-cont:after{padding-top:59%;display:block;content:""""}.arc-cont>iframe{position:absolute;top:0;bottom:0;right:0;left:0;width:98%;height:98%;border:0}</style></div>",Discover the power of Jesus' words (3-min).,https://www.bible.com/bible/2079/LUK.6.27-49.EASY,Read the above story in the Easy English Bible,https://www.jesusfilm.org/watch/jesus.html/kayah-li-western.html,Watch the complete JESUS film from the beginning,https://www.everyperson.com/,Answers to common Questions,,,Myanmar,English
Konkani (Mangalorian),,https://www.jesusfilm.org/watch/jesus.html/sermon-on-the-mount/mangalorean-konkani.html,"<div class=""arc-cont""><iframe src=""https://api.arclight.org/videoPlayerUrl?refId=1_164216-jf6112-0-0&parentSessionId=629bd5b4ef6020.02196289&apiSessionId=629bd5b77d5154.75232628&playerStyle=vanilla&player=bc.vanilla6"" allowfullscreen webkitallowfullscreen mozallowfullscreen></iframe><style>.arc-cont{position:relative;display:block;margin:10px auto;width:100%}.arc-cont:after{padding-top:59%;display:block;content:""""}.arc-cont>iframe{position:absolute;top:0;bottom:0;right:0;left:0;width:98%;height:98%;border:0}</style></div>",Discover the power of Jesus' words (3-min).,https://www.bible.com/bible/1866/LUK.6.27-49.KONKANIBSI,Read the above story in the Bible,https://www.jesusfilm.org/watch/jesus.html/mangalorean-konkani.html,Watch the complete JESUS film from the beginning,https://www.everystudent.in/,Answers to common Questions,,,India,English
"Kurdi, Harwami",,https://www.jesusfilm.org/watch/jesus.html/sermon-on-the-mount/kurdi-hawrami.html,"<div class=""arc-cont""><iframe src=""https://api.arclight.org/videoPlayerUrl?refId=1_139169-jf6112-0-0&parentSessionId=629bd5cec65da8.60687247&apiSessionId=629bd5d23d6543.33458253&playerStyle=vanilla&player=bc.vanilla6"" allowfullscreen webkitallowfullscreen mozallowfullscreen></iframe><style>.arc-cont{position:relative;display:block;margin:10px auto;width:100%}.arc-cont:after{padding-top:59%;display:block;content:""""}.arc-cont>iframe{position:absolute;top:0;bottom:0;right:0;left:0;width:98%;height:98%;border:0}</style></div>","این کلیپ کوتاه  از فیلم ""عیسی"" را تماشا کنید. (3 - دقیقه)",https://www.bible.com/bible/2474/LUK.6.27-49.VKF,این داستان را در کتاب مقدس بخوانید,https://www.jesusfilm.org/watch/jesus.html/kurdi-hawrami.html,"فیلم کامل ""عیسا"" را در  مشاهده نمایید",https://www.everypersianstudent.com/,پاسخ به پرسشهای معمول در بارۀ زندگی را بیابید,,,Iran,Farsi
Kurmanji Standard,,https://www.jesusfilm.org/watch/jesus.html/sermon-on-the-mount/kurmanji-standard.html,"<div class=""arc-cont""><iframe src=""https://api.arclight.org/videoPlayerUrl?refId=1_20770-jf6112-0-0&parentSessionId=629b1443f25e77.62154868&apiSessionId=629bdf3edcb288.93569092&playerStyle=vanilla&player=bc.vanilla6"" allowfullscreen webkitallowfullscreen mozallowfullscreen></iframe><style>.arc-cont{position:relative;display:block;margin:10px auto;width:100%}.arc-cont:after{padding-top:59%;display:block;content:""""}.arc-cont>iframe{position:absolute;top:0;bottom:0;right:0;left:0;width:98%;height:98%;border:0}</style></div>",Discover the power of Jesus' words (3-min).,https://www.bible.com/bible/251/LUK.6.27-49.KURNT,Read the above story in the Bible,https://www.jesusfilm.org/watch/jesus.html/kurmanji-standard.html,Watch the complete JESUS film from the beginning,https://www.tanriyitanimak.com/,Answers to common Questions,,,Turkey,Turkish
Lampung Nyo,,https://www.jesusfilm.org/watch/jesus.html/sermon-on-the-mount/lampung-nyo.html,"<div class=""arc-cont""><iframe src=""https://api.arclight.org/videoPlayerUrl?refId=1_139250-jf6112-0-0&parentSessionId=629bdf50d0f4c7.58023305&apiSessionId=629bdf541a3945.34766870&playerStyle=vanilla&player=bc.vanilla6"" allowfullscreen webkitallowfullscreen mozallowfullscreen></iframe><style>.arc-cont{position:relative;display:block;margin:10px auto;width:100%}.arc-cont:after{padding-top:59%;display:block;content:""""}.arc-cont>iframe{position:absolute;top:0;bottom:0;right:0;left:0;width:98%;height:98%;border:0}</style></div>",Discover the power of Jesus' words (3-min).,https://www.bible.com/bible/199/LUK.6.27-49.AMD,Read the above story in the Indonesian Bible,https://www.jesusfilm.org/watch/jesus.html/lampung-nyo.html,Watch the complete JESUS film from the beginning,https://www.mahasiswakeren.com/,Answers to common Questions,,,Indonesia,
"Limba, Tonko-Sella",,https://www.jesusfilm.org/watch/jesus.html/sermon-on-the-mount/limba-tonko-sella.html,"<div class=""arc-cont""><iframe src=""https://api.arclight.org/videoPlayerUrl?refId=1_184933-jf6112-0-0&parentSessionId=629bdf6736ea49.89199896&apiSessionId=629bdf69e24804.69213255&playerStyle=vanilla&player=bc.vanilla6"" allowfullscreen webkitallowfullscreen mozallowfullscreen></iframe><style>.arc-cont{position:relative;display:block;margin:10px auto;width:100%}.arc-cont:after{padding-top:59%;display:block;content:""""}.arc-cont>iframe{position:absolute;top:0;bottom:0;right:0;left:0;width:98%;height:98%;border:0}</style></div>",Discover the power of Jesus' words (3-min).,https://www.bible.com/bible/2079/LUK.6.27-49.EASY,Read the above story in the Easy English Bible,https://www.jesusfilm.org/watch/jesus.html/limba-tonko-sella.html,Watch the complete JESUS film from the beginning,https://www.everyperson.com/,Answers to common Questions,,,Sierra Leone,English taught in schools
Mangalorean Konkani,,https://www.jesusfilm.org/watch/jesus.html/sermon-on-the-mount/mangalorean-konkani.html,"<div class=""arc-cont""><iframe src=""https://api.arclight.org/videoPlayerUrl?refId=1_164216-jf6112-0-0&parentSessionId=629bd5b4ef6020.02196289&apiSessionId=629bdf7e9abcc8.14855925&playerStyle=vanilla&player=bc.vanilla6"" allowfullscreen webkitallowfullscreen mozallowfullscreen></iframe><style>.arc-cont{position:relative;display:block;margin:10px auto;width:100%}.arc-cont:after{padding-top:59%;display:block;content:""""}.arc-cont>iframe{position:absolute;top:0;bottom:0;right:0;left:0;width:98%;height:98%;border:0}</style></div>",Discover the power of Jesus' words (3-min).,https://www.bible.com/bible/1866/LUK.6.27-49.KONKANIBSI,Read the above story in the Bible,https://www.jesusfilm.org/watch/jesus.html/mangalorean-konkani.html,Watch the complete JESUS film from the beginning,https://www.everystudent.in/,Answers to common Questions,,,India,English
"Mbembe, Tigon",,https://www.jesusfilm.org/watch/jesus.html/sermon-on-the-mount/mbembe-tigon.html,"<div class=""arc-cont""><iframe src=""https://api.arclight.org/videoPlayerUrl?refId=1_2329-jf6112-0-0&parentSessionId=629bdf92266840.18409212&apiSessionId=629bdf95cdfd16.53435269&playerStyle=vanilla&player=bc.vanilla6"" allowfullscreen webkitallowfullscreen mozallowfullscreen></iframe><style>.arc-cont{position:relative;display:block;margin:10px auto;width:100%}.arc-cont:after{padding-top:59%;display:block;content:""""}.arc-cont>iframe{position:absolute;top:0;bottom:0;right:0;left:0;width:98%;height:98%;border:0}</style></div>",Discover the power of Jesus' words (3-min).,https://www.bible.com/bible/2079/LUK.6.27-49.EASY,Read the above story in the Easy English Bible,https://www.jesusfilm.org/watch/jesus.html/mbembe-tigon.html,Watch the complete JESUS film from the beginning,https://www.everyperson.com/,Answers to common Questions,,,Cameroon,English and French taught in schools
"Pashto, Yusufzai (Northern)",پښتو، شمالی,https://www.jesusfilm.org/watch/jesus.html/sermon-on-the-mount/pashto-yusufzai.html,"<div class=""arc-cont""><iframe src=""https://api.arclight.org/videoPlayerUrl?refId=1_374-jf6112-0-0&parentSessionId=629bdfa96000f5.28976921&apiSessionId=629bdfac9443e0.80049013&playerStyle=vanilla&player=bc.vanilla6"" allowfullscreen webkitallowfullscreen mozallowfullscreen></iframe><style>.arc-cont{position:relative;display:block;margin:10px auto;width:100%}.arc-cont:after{padding-top:59%;display:block;content:""""}.arc-cont>iframe{position:absolute;top:0;bottom:0;right:0;left:0;width:98%;height:98%;border:0}</style></div>",یِسُوع کی فلم سے یہ  چھوٹا  کلپ دیکھیں,https://www.bible.com/bible/187/LUK.6.27-49.UGV,بائبل میں اس کہانی کو  پڑھیں,https://www.jesusfilm.org/watch/jesus.html/pashto-yusufzai.html,"پر پوری ""یِسُوع"" فلم دیکھیں",https://www.zindagikaysawalat.com/,زندگی کے بارے میں عام سوالات کے جوابات تلاش کریں ۔,,,Pakistan,Urdu
Samarkand Tajik,Самарканди точик,https://www.jesusfilm.org/watch/jesus.html/sermon-on-the-mount/samarkand-tajik.html,"<div class=""arc-cont""><iframe src=""https://api.arclight.org/videoPlayerUrl?refId=1_24156-jf6112-0-0&parentSessionId=629bdfc1d24b66.76122555&apiSessionId=629bdfc4d13527.24233113&playerStyle=vanilla&player=bc.vanilla6"" allowfullscreen webkitallowfullscreen mozallowfullscreen></iframe><style>.arc-cont{position:relative;display:block;margin:10px auto;width:100%}.arc-cont:after{padding-top:59%;display:block;content:""""}.arc-cont>iframe{position:absolute;top:0;bottom:0;right:0;left:0;width:98%;height:98%;border:0}</style></div>","Отрывок из фильма ""Иисуса"" (3 мин)",https://www.bible.com/bible/1999/LUK.6.27-49.%D0%A1%D0%A0%D0%9F-2,Прочтите эту историю в Библии,https://www.jesusfilm.org/watch/jesus.html/samarkand-tajik.html,"Посмотрите весь фильм ""ИИСУС"" на YouTube.",https://www.mirstudentov.com/,Найдите ответы на общие вопросы о жизни.,,,Uzbekistan,Russian?
Tajik,тоҷикӣ,https://www.jesusfilm.org/watch/jesus.html/sermon-on-the-mount/tajik.html,"<div class=""arc-cont""><iframe src=""https://api.arclight.org/videoPlayerUrl?refId=1_24309-jf6112-0-0&parentSessionId=629b73e8e3be21.62132439&apiSessionId=629be002475537.89057355&playerStyle=vanilla&player=bc.vanilla6"" allowfullscreen webkitallowfullscreen mozallowfullscreen></iframe><style>.arc-cont{position:relative;display:block;margin:10px auto;width:100%}.arc-cont:after{padding-top:59%;display:block;content:""""}.arc-cont>iframe{position:absolute;top:0;bottom:0;right:0;left:0;width:98%;height:98%;border:0}</style></div>","Отрывок из фильма ""Иисуса"" (3 мин)",https://www.bible.com/bible/1999/LUK.6.27-49.%D0%A1%D0%A0%D0%9F-2,Прочтите эту историю в Библии,https://www.jesusfilm.org/watch/jesus.html/tajik.html,"Посмотрите весь фильм ""ИИСУС"" на YouTube.",https://www.mirstudentov.com/,Найдите ответы на общие вопросы о жизни.,,,Tajikistan,Russian?
"Tamasheq, Kidal",,https://www.jesusfilm.org/watch/jesus.html/sermon-on-the-mount/tamasheq-kidal.html,"<div class=""arc-cont""><iframe src=""https://api.arclight.org/videoPlayerUrl?refId=1_2000-jf6112-0-0&parentSessionId=629be020d16298.03024425&apiSessionId=629be024accc54.02580825&playerStyle=vanilla&player=bc.vanilla6"" allowfullscreen webkitallowfullscreen mozallowfullscreen></iframe><style>.arc-cont{position:relative;display:block;margin:10px auto;width:100%}.arc-cont:after{padding-top:59%;display:block;content:""""}.arc-cont>iframe{position:absolute;top:0;bottom:0;right:0;left:0;width:98%;height:98%;border:0}</style></div>","شاهد مقطع فيديو من فيلم ""يسوع"" (٣ دقائق)",https://www.bible.com/ar/bible/101/LUK.6.27-49.KEH,إقرأ هذه القصة في الكتاب المقدس,https://www.jesusfilm.org/watch/jesus.html/tamasheq-kidal.html,"شاهد فيلم ""يسوع"" كاملاً علي يوتيوب",https://www.everyarabstudent.com/,أود أن أجد إجابات للأسئلة الشائعة حول الحياة,,,Algeria,"Arabic, Modern Standard"
"Uzbek, Southern",اۉزبېک، جنوبی,https://www.jesusfilm.org/watch/jesus.html/sermon-on-the-mount/uzbek-southern.html,"<div class=""arc-cont""><iframe src=""https://api.arclight.org/videoPlayerUrl?refId=1_406-jf6112-0-0&parentSessionId=629be03a08a447.37426796&apiSessionId=629be03ced4818.51878872&playerStyle=vanilla&player=bc.vanilla6"" allowfullscreen webkitallowfullscreen mozallowfullscreen></iframe><style>.arc-cont{position:relative;display:block;margin:10px auto;width:100%}.arc-cont:after{padding-top:59%;display:block;content:""""}.arc-cont>iframe{position:absolute;top:0;bottom:0;right:0;left:0;width:98%;height:98%;border:0}</style></div>",Discover the power of Jesus' words (3-min).,https://www.bible.com/bible/1730/LUK.6.27-49.UZB,Read the above story in the Bible,https://www.jesusfilm.org/watch/jesus.html/uzbek-southern.html,Watch the complete JESUS film from the beginning,https://www.studentstan.com/,Answers to common Questions,,,Afghanistan,Uzbek